{"cameraMode":{"drawMode":0,"name":"Shaded","section":"Shading Mode"},"sceneLighting":true,"audioPlay":false,"sceneViewState":{"showFog":true,"showMaterialUpdate":false,"showSkybox":true,"showFlares":true,"showImageEffects":true,"showParticleSystems":true,"showVisualEffectGraphs":true,"m_FxEnabled":true},"in2DMode":false,"pivot":{"x":1.3056057691574097,"y":0.7849223613739014,"z":0.9492846727371216},"rotation":{"x":-0.21024303138256074,"y":0.001134066958911717,"z":-0.00032923658727668226,"w":-0.9777356386184692},"size":1.7341890335083008,"orthographic":false}