{"cameraMode":{"drawMode":0,"name":"Shaded","section":"Shading Mode"},"sceneLighting":false,"audioPlay":false,"sceneViewState":{"showFog":true,"showMaterialUpdate":false,"showSkybox":false,"showFlares":true,"showImageEffects":true,"showParticleSystems":true,"showVisualEffectGraphs":true,"m_FxEnabled":true},"in2DMode":false,"pivot":{"x":5.960464477539063e-8,"y":0.4616279900074005,"z":-0.03324878215789795},"rotation":{"x":0.027450211346149446,"y":0.9482396841049194,"z":-0.08527769893407822,"w":0.30489203333854678},"size":1.294405221939087,"orthographic":false}