{"cameraMode":{"drawMode":0,"name":"Shaded","section":"Shading Mode"},"sceneLighting":false,"audioPlay":false,"sceneViewState":{"showFog":true,"showMaterialUpdate":false,"showSkybox":false,"showFlares":true,"showImageEffects":true,"showParticleSystems":true,"showVisualEffectGraphs":true,"m_FxEnabled":true},"in2DMode":false,"pivot":{"x":-16.371503829956056,"y":0.022612694650888444,"z":1.9648094177246094},"rotation":{"x":0.4694555401802063,"y":-0.032294049859046939,"z":0.017211411148309709,"w":0.8822612762451172},"size":13.453953742980957,"orthographic":false}