{"cameraMode":{"drawMode":0,"name":"Shaded","section":"Shading Mode"},"sceneLighting":false,"audioPlay":false,"sceneViewState":{"showFog":true,"showMaterialUpdate":false,"showSkybox":false,"showFlares":true,"showImageEffects":true,"showParticleSystems":true,"showVisualEffectGraphs":true,"m_FxEnabled":true},"in2DMode":false,"pivot":{"x":1.8892993927001954,"y":2.1999998092651369,"z":-2.890822410583496},"rotation":{"x":0.027450211346149446,"y":0.9482396841049194,"z":-0.08527769893407822,"w":0.30489203333854678},"size":5.069751739501953,"orthographic":false}