{"cameraMode":{"drawMode":0,"name":"Shaded","section":"Shading Mode"},"sceneLighting":false,"audioPlay":false,"sceneViewState":{"showFog":true,"showMaterialUpdate":false,"showSkybox":false,"showFlares":true,"showImageEffects":true,"showParticleSystems":true,"showVisualEffectGraphs":true,"m_FxEnabled":true},"in2DMode":false,"pivot":{"x":0.0009535253047943115,"y":-0.10065077245235443,"z":-0.0002554953098297119},"rotation":{"x":0.07111744582653046,"y":0.26459071040153506,"z":-0.019506528973579408,"w":0.961580216884613},"size":0.5450955629348755,"orthographic":false}