{"cameraMode":{"drawMode":0,"name":"Shaded","section":"Shading Mode"},"sceneLighting":false,"audioPlay":false,"sceneViewState":{"showFog":true,"showMaterialUpdate":false,"showSkybox":false,"showFlares":true,"showImageEffects":true,"showParticleSystems":true,"showVisualEffectGraphs":true,"m_FxEnabled":true},"in2DMode":false,"pivot":{"x":-0.006659418344497681,"y":0.3525956869125366,"z":0.047387078404426578},"rotation":{"x":-0.46990081667900088,"y":0.11196070164442063,"z":-0.06024495139718056,"w":-0.8735877275466919},"size":0.5341331958770752,"orthographic":false}