{"cameraMode":{"drawMode":0,"name":"Shaded","section":"Shading Mode"},"sceneLighting":true,"audioPlay":false,"sceneViewState":{"showFog":true,"showMaterialUpdate":false,"showSkybox":true,"showFlares":true,"showImageEffects":true,"showParticleSystems":true,"showVisualEffectGraphs":true,"m_FxEnabled":true},"in2DMode":false,"pivot":{"x":0.23024795949459077,"y":4.864140510559082,"z":-1.1009390354156495},"rotation":{"x":0.37178459763526919,"y":0.18903236091136933,"z":-0.07704136520624161,"w":0.905739426612854},"size":2.598551034927368,"orthographic":false}