{"cameraMode":{"drawMode":0,"name":"Shaded","section":"Shading Mode"},"sceneLighting":true,"audioPlay":false,"sceneViewState":{"showFog":true,"showMaterialUpdate":false,"showSkybox":true,"showFlares":true,"showImageEffects":true,"showParticleSystems":true,"showVisualEffectGraphs":true,"m_FxEnabled":true},"in2DMode":false,"pivot":{"x":-0.3369784355163574,"y":2.258213520050049,"z":-2.968330144882202},"rotation":{"x":0.44061335921287539,"y":-0.0078112101182341579,"z":0.0038341328036040069,"w":0.8976553082466126},"size":3.2660253047943117,"orthographic":false}